symbol,score,last_close,rsi,sma20,sma50,macd_hist,reasons
IDFCFIRSTB,2.9,71.75,53.68121763464862,70.9685001373291,70.93820007324219,0.05837303893438822,SMA20 > SMA50; Recent SMA cross up
ACE,2.5,1150.0,61.65477074523546,1094.5950073242188,1086.0238146972656,8.492913226134823,SMA20 > SMA50; Recent SMA cross up
COFORGE,2.5,1795.300048828125,57.840671953758736,1745.705010986328,1741.8811840820313,10.96014822348781,SMA20 > SMA50; Recent SMA cross up
TCS,2.5,3169.199951171875,58.43689655785941,3115.564978027344,3106.645068359375,12.955203489292673,SMA20 > SMA50; Recent SMA cross up
TECHM,2.5,1553.800048828125,60.734808684650595,1512.3949890136719,1509.5659936523436,6.980423891972443,SMA20 > SMA50; Recent SMA cross up
RITES,2.5,272.4700012207031,62.19022738795726,260.09828186035156,259.50103576660155,1.7268298430320344,SMA20 > SMA50; Recent SMA cross up
KANSAINER,2.5,251.85000610351562,61.98904953127984,243.56300201416016,242.8872006225586,1.0610858673784416,SMA20 > SMA50; Recent SMA cross up
ELECON,2.5,621.5,63.570695274261084,579.0024993896484,578.4699987792969,7.53406441849586,SMA20 > SMA50; Recent SMA cross up
CREDITACC,2.4,1363.4000244140625,55.835077332331615,1350.9199951171875,1317.35,0.3007091973607672,SMA20 > SMA50; MACD hist turned +
LALPATHLAB,2.4,3473.5,65.53601340916515,3291.3549926757814,3203.8726318359377,4.528181396099768,SMA20 > SMA50; MACD hist turned +
CGCL,2.4,190.66000366210938,56.60826916040149,187.42981491088867,185.2408868408203,0.0050996005301079395,SMA20 > SMA50; MACD hist turned +
BLUESTARCO,2.4,1963.800048828125,64.93453696698873,1912.1849975585938,1846.9292138671874,0.6214046618123987,SMA20 > SMA50; MACD hist turned +
NIACL,2.4,201.2899932861328,63.03471446531908,192.8877212524414,189.1018716430664,0.3701424773768687,SMA20 > SMA50; MACD hist turned +
CARBORUNIV,1.9000000000000001,958.7000122070312,51.199133039582236,954.3649963378906,939.1046423339844,1.8070667792101798,SMA20 > SMA50
ASAHIINDIA,1.9000000000000001,878.5999755859375,53.955729692170706,862.1042846679687,849.5054809570313,4.3246582201291055,SMA20 > SMA50
FIRSTCRY,1.9000000000000001,390.1499938964844,54.82959875306424,381.42750396728513,373.47600158691404,0.2720218992731551,SMA20 > SMA50
GPPL,1.9000000000000001,157.0500030517578,53.705785597273874,154.37907180786132,154.15297180175781,0.8086460715963297,SMA20 > SMA50
KEC,1.9000000000000001,866.0999755859375,54.482419362324386,852.4299957275391,845.7302368164062,2.318448723482737,SMA20 > SMA50
HINDCOPPER,1.7,282.8599853515625,72.07116242078354,251.18095474243165,251.0349591064453,5.046869906346049,SMA20 > SMA50; Recent SMA cross up; RSI 72.1 high
SAIL,1.7,136.1999969482422,70.51785372795007,126.93192520141602,126.28949768066406,0.9911584371280713,SMA20 > SMA50; Recent SMA cross up; RSI 70.5 high
ASIANPAINT,1.6,2481.699951171875,44.81337885718259,2521.349987792969,2476.5119970703126,-12.139130971837156,SMA20 > SMA50
WESTLIFE,1.6,724.5,46.83201344514475,735.1900024414062,730.9181652832032,-0.7986708894524392,SMA20 > SMA50
LATENTVIEW,1.6,424.6000061035156,54.57961331613667,421.8700012207031,418.59100036621095,-0.008725714532802131,SMA20 > SMA50
APOLLOHOSP,1.6,7806.5,53.729688720882294,7803.95,7579.1721875,-15.205926004870648,SMA20 > SMA50
MFSL,1.6,1561.699951171875,44.410713786375084,1595.2399963378907,1571.06599609375,-7.711071258594753,SMA20 > SMA50
METROPOLIS,1.6,2133.60009765625,53.37056999120524,2140.9550170898438,2070.9180102539062,-15.97173660267636,SMA20 > SMA50
JKCEMENT,1.6,6862.0,53.60180137494657,6786.9,6776.9,-0.9040649502809828,SMA20 > SMA50
JBCHEPHARM,1.6,1714.199951171875,52.08618636998273,1713.010009765625,1705.075205078125,-2.7142450158314286,SMA20 > SMA50
PIDILITIND,1.6,3048.300048828125,44.65117043655736,3087.2700073242186,3022.9531591796876,-9.694031855311781,SMA20 > SMA50
POLYMED,1.6,1996.199951171875,47.542945465613236,2035.5470947265626,2020.0373657226562,-0.0028634537015230777,SMA20 > SMA50
BAJAJ-AUTO,1.6,8971.5,53.51552334259206,9006.25,8578.73,-36.87131960175094,SMA20 > SMA50
JMFINANCIL,1.6,171.60000610351562,42.79523066265872,182.59300079345704,174.8640002441406,-2.1294930853556493,SMA20 > SMA50
INDHOTEL,1.6,775.5499877929688,51.71515721720568,774.1924987792969,763.4150012207032,-0.2597519381974003,SMA20 > SMA50
KAJARIACER,1.6,1205.0,43.28328868354858,1227.198016357422,1223.7205590820313,-3.7372557262237693,SMA20 > SMA50
MARICO,1.6,720.1500244140625,47.03724246142606,727.1600006103515,719.4258776855469,-2.400573052756658,SMA20 > SMA50
PAYTM,1.6,1177.199951171875,44.58229811406211,1236.925,1147.895001220703,-12.837431709110081,SMA20 > SMA50
MAHSEAMLES,1.6,630.9000244140625,39.47402723826654,642.8274993896484,666.7949499511719,0.017198730657634442,MACD hist turned +
NIVABUPA,1.6,82.38999938964844,48.816295612832896,82.42600059509277,83.95580017089844,0.020950665267376434,MACD hist turned +
PVRINOX,1.6,1115.9000244140625,52.290609488251675,1125.7650085449218,1068.1519995117187,-4.499695261023014,SMA20 > SMA50
KPIL,1.6,1269.0,53.827406629035714,1270.175,1221.8800024414063,-3.4412743410001134,SMA20 > SMA50
BIKAJI,1.6,788.25,54.21378374704166,788.2573120117188,764.8716247558593,-1.646636214616266,SMA20 > SMA50
TECHNOE,1.6,1416.800048828125,39.5464885150249,1487.0328063964844,1471.9590893554687,-9.774183040461885,SMA20 > SMA50
SARDAEN,1.6,573.6500244140625,49.89097744705317,588.0750030517578,535.259926147461,-4.847610053753467,SMA20 > SMA50
GODREJIND,1.6,1175.5999755859375,40.45882442595212,1222.789990234375,1182.26599609375,-5.109919889343553,SMA20 > SMA50
RCF,1.6,154.02999877929688,50.656862770684015,154.23049774169922,152.88399841308595,-0.12946270297333695,SMA20 > SMA50
GODREJCP,1.6,1238.9000244140625,48.85450647220763,1250.9950012207032,1237.622919921875,-2.6882486782049035,SMA20 > SMA50
HINDUNILVR,1.6,2559.60009765625,43.118581584935015,2630.6050048828124,2561.530009765625,-15.616536524883387,SMA20 > SMA50
SAREGAMA,1.6,490.6000061035156,49.534885665147804,490.45250244140624,487.8010003662109,-0.08726809557237813,SMA20 > SMA50
RTNINDIA,1.6,56.79999923706055,46.81448223096891,58.73400039672852,57.10520004272461,-0.4045296840252244,SMA20 > SMA50
ENDURANCE,1.6,2879.5,52.53025704540315,2905.3449829101564,2740.9288916015626,-17.66633851671797,SMA20 > SMA50
EMAMILTD,1.6,579.5999755859375,43.03942235691687,592.0175018310547,590.8280004882813,-0.9737368327356934,SMA20 > SMA50
ARE&M,1.6,1019.5499877929688,53.60550859457058,1015.3674865722656,988.8857543945312,-0.8306484092645512,SMA20 > SMA50
DABUR,1.6,535.4500122070312,52.90528845087552,535.6950012207031,525.2385552978516,-1.555993302231962,SMA20 > SMA50
GODFRYPHLP,1.6,3525.0,52.4901956080017,3528.508337402344,3313.2252294921873,-18.404634181338523,SMA20 > SMA50
MEDANTA,1.6,1354.199951171875,47.38663648957706,1380.775,1357.2402197265626,-5.987596691993437,SMA20 > SMA50
GILLETTE,1.6,10352.0,54.50835689730265,10130.7,10431.423125,8.577143232843497,MACD hist turned +
DEVYANI,1.6,178.63999938964844,53.18933680262121,179.01149978637696,171.5936001586914,-0.6967399964179681,SMA20 > SMA50
EIHOTEL,1.6,391.1000061035156,44.76104770758937,403.7800003051758,389.5227996826172,-2.2925355586662013,SMA20 > SMA50
CCL,1.6,886.0499877929688,48.048533969355354,897.0749969482422,881.7770971679688,-3.4769735430093647,SMA20 > SMA50
TITAN,1.6,3467.199951171875,35.46843343257855,3602.4650268554688,3511.086005859375,-23.381586440570096,SMA20 > SMA50
COLPAL,1.6,2337.89990234375,48.765911925098486,2359.2650146484375,2312.526005859375,-6.189621606754724,SMA20 > SMA50
EXIDEIND,1.6,414.5,54.273772601217296,412.9974990844727,396.1607635498047,-0.6865878366194647,SMA20 > SMA50
CRAFTSMAN,1.6,6777.0,50.650722162176365,6860.8,6675.33,-30.728411016316883,SMA20 > SMA50
SUPREMEIND,1.6,4411.39990234375,47.17306454721016,4510.824975585938,4378.527998046875,-14.364200108737812,SMA20 > SMA50
CHAMBLFERT,1.6,543.2000122070312,47.84339741238377,548.6025024414063,544.1935919189453,-0.5486879888496387,SMA20 > SMA50
BOSCHLTD,1.6,39790.0,49.65739622150791,40267.5,39308.750859375,-229.23788697384862,SMA20 > SMA50
ULTRACEMCO,1.6,12508.0,48.672815414209985,12593.6,12476.715390625,-16.092431026955815,SMA20 > SMA50
UPL,1.6,691.0999755859375,44.450992156548146,706.6199981689454,703.0680004882812,-1.766980673204269,SMA20 > SMA50
NESTLEIND,1.6,1194.5,52.38263090064259,1192.8799926757813,1171.2980029296875,-0.8270706349983392,SMA20 > SMA50
ZFCVINDIA,1.6,13240.0,38.05712672426919,13836.75,13646.05818359375,-75.10765604315984,SMA20 > SMA50
ECLERX,1.6,4270.2998046875,50.29741422606255,4379.4349609375,4054.1115283203126,-29.172275055318693,SMA20 > SMA50
ACMESOLAR,1.6,295.0,49.16338609061032,298.4875015258789,288.2377990722656,-0.7411911384582419,SMA20 > SMA50
VEDL,1.5,455.6000061035156,62.93923617730174,439.5850006103516,431.08531188964844,2.0971439564382344,SMA20 > SMA50
WIPRO,1.5,255.8800048828125,58.25640094090301,251.14849853515625,250.00592346191405,0.8434074168796344,SMA20 > SMA50
ZYDUSLIFE,1.5,1037.300048828125,61.51903078859388,1017.1599975585938,987.1153234863282,0.9812694028208178,SMA20 > SMA50
WAAREEENER,1.5,3526.300048828125,58.75697449047338,3381.2150268554688,3226.17201171875,14.119058540949823,SMA20 > SMA50
NLCINDIA,1.5,260.2699890136719,67.19672329240706,241.40074462890624,237.87094451904298,2.3359865215935,SMA20 > SMA50
NMDC,1.5,76.52999877929688,67.04093536745177,73.46650123596191,71.49019775390624,0.21507855394495978,SMA20 > SMA50
AMBER,1.5,8286.5,68.5377176543971,7747.325,7590.96,64.58904921387693,SMA20 > SMA50
MANAPPURAM,1.5,286.5,56.535708161633856,282.4425018310547,270.78373474121094,0.01879138535958358,SMA20 > SMA50
LT,1.5,3675.39990234375,61.68143165629805,3589.605017089844,3577.5980224609375,14.456475865798904,SMA20 > SMA50
LTIM,1.5,5509.5,68.71735675923264,5264.85,5187.9,32.35252150811655,SMA20 > SMA50
MUTHOOTFIN,1.5,2934.89990234375,63.41942428919857,2824.2,2720.3960009765624,7.704538424799978,SMA20 > SMA50
MPHASIS,1.5,2993.800048828125,62.31266642326321,2898.0199951171876,2815.6819970703127,9.539034828078108,SMA20 > SMA50
MSUMI,1.5,48.459999084472656,66.72547803979631,45.71849956512451,42.54079978942871,0.12712261992200657,SMA20 > SMA50
CHENNPETRO,1.5,742.4000244140625,64.41184974705497,704.5800048828125,696.1424475097656,4.589339326800172,SMA20 > SMA50
CENTURYPLY,1.5,815.0999755859375,68.2940166664404,782.2110137939453,754.2311328125,1.907027499784558,SMA20 > SMA50
CAPLIPOINT,1.5,2343.0,68.21009854838627,2189.87373046875,2124.88671875,15.952823350502257,SMA20 > SMA50
TATAMOTORS,1.5,707.4500122070312,55.784577214147895,698.477505493164,683.1510009765625,0.6100393306062237,SMA20 > SMA50
TATAINVEST,1.5,7333.5,68.88381756767262,6904.125,6839.84,63.43159205610741,SMA20 > SMA50
OFSS,1.5,9018.0,57.79838032976978,8696.8,8660.91,63.75625319641698,SMA20 > SMA50
OLECTRA,1.5,1640.0999755859375,61.85973553083412,1590.4273864746094,1476.5229565429688,1.4340525293340036,SMA20 > SMA50
NEULANDLAB,1.5,15467.0,60.98305017082125,14584.1,13988.04494140625,109.83862675786156,SMA20 > SMA50
M&M,1.5,3592.10009765625,59.766164485539626,3474.3699951171875,3330.0399951171876,5.82257974597448,SMA20 > SMA50
MRF,1.5,149705.0,55.20392508485925,147186.5,146960.4553125,231.52421581099588,SMA20 > SMA50
LUPIN,1.5,2055.60009765625,66.92289764321043,1969.075,1946.6031005859375,10.862373348526074,SMA20 > SMA50
SWIGGY,1.5,458.45001220703125,66.62459950247433,430.9300003051758,413.48700073242185,1.4364038558409984,SMA20 > SMA50
SUNDRMFAST,1.5,1038.199951171875,58.19397428436699,1017.5074951171875,1001.3949938964844,2.7431722276613737,SMA20 > SMA50
STARHEALTH,1.5,449.5,55.19184107692254,444.475,439.4239990234375,0.3531782012012963,SMA20 > SMA50
PHOENIXLTD,1.5,1629.800048828125,66.68238809150438,1556.44970703125,1511.8944995117188,9.292019320654287,SMA20 > SMA50
PERSISTENT,1.5,5506.0,56.997351749251514,5363.975,5339.43,33.240789853884856,SMA20 > SMA50
KIRLOSBROS,1.5,2054.60009765625,57.99653375083456,2007.585009765625,1995.848369140625,9.669466823525466,SMA20 > SMA50
BAJAJFINSV,1.5,2067.300048828125,65.0475203543895,2003.520001220703,1986.74,7.715004291318959,SMA20 > SMA50
BAJFINANCE,1.5,992.4500122070312,68.6823192971911,939.9899932861329,917.32099609375,6.82117933402947,SMA20 > SMA50
TIINDIA,1.5,3329.699951171875,63.63830864935405,3150.3999877929687,3032.2990087890626,24.85803532908143,SMA20 > SMA50
TRIVENI,1.5,360.1000061035156,57.11408459733316,353.35624542236326,350.0650646972656,0.9566209128804124,SMA20 > SMA50
KPITTECH,1.5,1285.199951171875,60.61478052323165,1237.0750061035155,1232.960439453125,7.6047409214108335,SMA20 > SMA50
KEI,1.5,4200.0,65.96344231120963,4028.839990234375,3936.18599609375,11.775025844437387,SMA20 > SMA50
JINDALSTEL,1.5,1046.0,60.583898286914305,1015.6300018310546,991.83587890625,1.4125942389739894,SMA20 > SMA50
JBMA,1.5,725.5999755859375,68.84885148930888,650.0475006103516,639.2490222167969,12.810483272981978,SMA20 > SMA50
IGL,1.5,215.1300048828125,58.71646970077251,211.6907051086426,208.73620788574217,0.3740027635498464,SMA20 > SMA50
IOB,1.5,40.880001068115234,66.5240013998333,39.192000198364255,38.382200164794924,0.16796767333463025,SMA20 > SMA50
INDIANB,1.5,701.5,68.56012080880362,676.9875,657.8990026855469,1.965953285167437,SMA20 > SMA50
ITI,1.5,320.3500061035156,60.56967252968921,305.4399948120117,304.1799969482422,1.871083479997739,SMA20 > SMA50
TBOTEK,1.5,1631.199951171875,64.88827432494935,1509.9199951171875,1447.1239965820312,6.971475490261113,SMA20 > SMA50
COALINDIA,1.5,394.5,60.781248061375834,386.92249908447263,379.42778564453124,0.5422694691678931,SMA20 > SMA50
DRREDDY,1.5,1321.699951171875,62.86999231810201,1283.9999877929688,1263.9059985351562,4.5501219486294495,SMA20 > SMA50
DIXON,1.5,18177.0,67.548651107757,17648.014453125,16918.3582421875,6.5719987015284005,SMA20 > SMA50
RAYMONDLSL,1.5,1270.800048828125,55.20723506835389,1235.705010986328,1189.9140063476561,4.364010833140263,SMA20 > SMA50
INOXINDIA,1.5,1233.199951171875,59.8722892311919,1177.0049926757813,1172.5419946289062,9.481330615895706,SMA20 > SMA50
HINDZINC,1.5,453.04998779296875,58.12294667609021,441.79250183105466,435.02000244140623,1.8859504315747566,SMA20 > SMA50
HAVELLS,1.5,1590.800048828125,57.64917773110835,1570.520001220703,1540.74599609375,1.0261372292918995,SMA20 > SMA50
HDFCLIFE,1.5,782.2000122070312,55.10674499139758,773.7574920654297,767.6569946289062,0.8856449848245874,SMA20 > SMA50
HDFCAMC,1.5,5856.5,61.82333674701973,5705.525,5621.64,11.830511047409956,SMA20 > SMA50
SAILIFE,1.5,913.6500244140625,64.79180988371786,863.8024993896485,849.6100024414062,4.197154517048906,SMA20 > SMA50
FLUOROCHEM,1.5,3801.300048828125,68.7826759237441,3534.130017089844,3504.203984375,32.261258721692755,SMA20 > SMA50
GESHIP,1.5,1054.4000244140625,69.95591043049052,981.9125061035156,969.3211364746094,10.36060450479299,SMA20 > SMA50
GRASIM,1.5,2877.89990234375,65.9827780019423,2809.8449829101564,2778.1183544921873,7.479866808339615,SMA20 > SMA50
TITAGARH,1.5,955.3499755859375,69.89964572820524,883.4825622558594,874.6347253417969,10.641402738323533,SMA20 > SMA50
BATAINDIA,1.5,1237.699951171875,58.79793506707247,1190.5699951171875,1182.4882153320314,5.85952761861304,SMA20 > SMA50
DOMS,1.5,2622.300048828125,59.68665507001135,2552.8983154296875,2455.2136865234374,0.5776782846788322,SMA20 > SMA50
FSL,1.5,375.79998779296875,60.25138075100619,361.2199996948242,356.94300048828126,1.9257469199119535,SMA20 > SMA50
FINPIPE,1.5,216.9199981689453,58.91336934648626,213.14572982788087,205.86878753662108,0.2363047450109037,SMA20 > SMA50
FACT,1.5,1000.1500244140625,55.91010138682997,980.1480590820313,965.5659753417968,1.3990398225696028,SMA20 > SMA50
TATACONSUM,1.5,1126.800048828125,62.18500116001728,1092.4300109863282,1080.1380126953125,4.669231356029232,SMA20 > SMA50
TATACHEM,1.5,993.5999755859375,63.54024489026222,952.5674987792969,950.8530017089844,6.212369138997015,SMA20 > SMA50
BANKINDIA,1.5,120.47000122070312,66.5380271011189,114.84599876403809,114.15879928588868,0.701673743655204,SMA20 > SMA50
TATASTEEL,1.5,171.47999572753906,66.25557459190213,164.87049942016603,161.84999908447264,0.5945496603205811,SMA20 > SMA50
GPIL,1.5,261.7099914550781,68.26127709405412,246.27250061035156,216.42906646728517,0.5766806370725011,SMA20 > SMA50
SIEMENS,1.5,3325.89990234375,64.60034120816994,3178.3849975585936,3136.626005859375,20.19493978764097,SMA20 > SMA50
RENUKA,1.5,32.310001373291016,62.850308104055294,30.875500106811522,30.521400146484375,0.1162282755278633,SMA20 > SMA50
SCI,1.5,219.58999633789062,64.66668734499383,211.52905960083007,209.4213198852539,1.0892673630728895,SMA20 > SMA50
AADHARHFC,1.5,539.1500244140625,66.52992707705343,514.7375015258789,507.48399963378904,2.7699826907319984,SMA20 > SMA50
APLAPOLLO,1.5,1691.0999755859375,58.00494739766886,1667.8099975585938,1637.8351196289063,2.0204168482958575,SMA20 > SMA50
ABFRL,1.5,92.11000061035156,67.04641462336375,85.59399948120117,79.5797998046875,0.4305319570574939,SMA20 > SMA50
ASTRAL,1.5,1452.4000244140625,55.19569469344272,1430.685009765625,1423.5870361328125,3.4503748941651526,SMA20 > SMA50
AFFLE,1.5,2145.199951171875,66.95560704447844,1990.5599853515625,1959.1980029296874,17.852019786405208,SMA20 > SMA50
YESBANK,1.5,21.170000076293945,69.23868704520766,20.197500133514403,19.702800064086915,0.0962424228226395,SMA20 > SMA50
NATIONALUM,1.5,211.60000610351562,65.43695394977982,201.8672782897949,193.23045959472657,0.5310511491377774,SMA20 > SMA50
NAVA,1.2,717.2999877929688,65.85665943925945,693.0624938964844,643.12046875,-0.4999588487356874,SMA20 > SMA50
UNOMINDA,1.2,1319.699951171875,64.85307488150718,1294.0449951171875,1183.2780053710937,-4.241801883228597,SMA20 > SMA50
VOLTAS,1.2,1419.9000244140625,58.99186632458302,1400.8600158691406,1363.482001953125,-0.7202116756924148,SMA20 > SMA50
FORTIS,1.2,953.9500122070312,57.30904188470449,945.1775054931641,897.1982592773437,-2.60405986681673,SMA20 > SMA50
ABCAPITAL,1.2,289.1499938964844,56.81262847239364,284.38500213623047,276.13100158691407,-0.09424108022138267,SMA20 > SMA50
VMM,1.2,152.35000610351562,57.157918732093925,150.44000091552735,145.11919952392577,-0.596835333175675,SMA20 > SMA50
ESCORTS,1.2,3688.10009765625,55.18475139830623,3653.6450073242186,3515.4980078125,-4.825851041572477,SMA20 > SMA50
NYKAA,1.2,243.6199951171875,63.51624055995135,238.21799850463867,224.047998046875,-0.2738699791208514,SMA20 > SMA50
ETERNAL,1.2,336.54998779296875,67.26335702123208,324.65999908447264,308.0479986572266,-0.08382371446756309,SMA20 > SMA50
HBLENGINE,1.2,838.3499755859375,56.3015440025535,841.7999816894531,719.7495751953124,-7.680261817723853,SMA20 > SMA50
APOLLOTYRE,1.2,480.6499938964844,57.81649620912887,475.81499633789065,461.2969989013672,-0.30619981201131097,SMA20 > SMA50
ASTERDM,1.2,650.5499877929688,63.848930133614104,621.8550262451172,607.2315161132813,-0.5656286707104918,SMA20 > SMA50
OLAELEC,1.2,57.66999816894531,55.3505215950651,58.35949974060058,48.757999877929684,-0.8263660440184775,SMA20 > SMA50
AIIL,1.2,3160.39990234375,56.04554105676934,3151.9650024414063,2953.14001953125,-5.465943939797157,SMA20 > SMA50
DMART,1.2,4775.2998046875,62.165599013785446,4716.06494140625,4420.5359716796875,-14.006154536332346,SMA20 > SMA50
DALBHARAT,1.2,2409.89990234375,57.37810168093001,2403.664990234375,2311.5699951171873,-3.2200149547586108,SMA20 > SMA50
SUMICHEM,1.2,601.7999877929688,61.00133928955342,570.7450012207031,584.9376440429687,1.8968796199032312,MACD hist turned +
DELHIVERY,1.2,478.79998779296875,59.08808744348583,473.3724990844727,455.76100158691406,-0.4311047186367789,SMA20 > SMA50
LEMONTREE,1.2,172.89999389648438,58.663103666557284,171.63799972534179,159.5697998046875,-0.8026333348789665,SMA20 > SMA50
CHALET,1.2,1029.9000244140625,56.153988476769406,1027.997509765625,959.8420007324219,-1.9815070317291799,SMA20 > SMA50
RBLBANK,1.2,271.0,56.80246592392407,266.13686141967776,261.82635894775393,-0.25673384573028013,SMA20 > SMA50
INDIACEM,1.2,398.70001220703125,57.892421833584265,392.87749938964845,374.5970001220703,-0.4577812003761732,SMA20 > SMA50
HONASA,1.2,301.3999938964844,56.36283051952022,299.9925003051758,287.26000061035154,-0.29295929873427795,SMA20 > SMA50
JSL,1.2,778.9500122070312,59.01794297131776,767.0025054931641,728.9001782226562,-1.8165787399978228,SMA20 > SMA50
BRITANNIA,1.2,6069.5,58.1911558051164,6005.9,5747.913544921875,-9.291304716821116,SMA20 > SMA50
TORNTPHARM,1.2,3629.199951171875,56.664230351200466,3589.140002441406,3587.022001953125,-3.309097405384455,SMA20 > SMA50
TVSMOTOR,1.2,3529.39990234375,69.89725911126746,3430.4300170898437,3137.1539990234373,-10.416942589820522,SMA20 > SMA50
SYRMA,1.2,827.5499877929688,61.603041081556725,796.4822631835938,747.7056018066406,-3.607373138394845,SMA20 > SMA50
HINDALCO,1.2,743.2999877929688,59.88509835964773,733.8800048828125,703.5057312011719,-0.5959893848112383,SMA20 > SMA50
CIPLA,1.2,1575.800048828125,55.54460676787803,1570.4700073242188,1539.6080102539063,-1.4109467570926881,SMA20 > SMA50
SIGNATURE,0.7,1107.5999755859375,44.427553034495844,1113.3549865722657,1143.5939965820312,4.795798611151133,
SHREECEM,0.7,29880.0,47.58084917450686,29866.25,30454.1515625,19.073300599096115,
IDEA,0.7,8.399999618530273,70.61161267734197,7.219000029563904,7.098200006484985,0.13232418691764308,SMA20 > SMA50; RSI 70.6 high
FIVESTAR,0.7,537.7999877929688,36.14142995871495,542.0725036621094,604.6532019042969,5.094706671975171,
GICRE,0.7,364.04998779296875,44.43525371347509,365.08848876953124,370.38543029785154,0.1868869688608068,
GLAXO,0.7,2741.10009765625,42.11820142662783,2786.084997558594,2891.176005859375,2.164577078970403,
GVT&D,0.7,3068.699951171875,73.09476116478308,2802.25498046875,2692.709638671875,24.582934469987038,SMA20 > SMA50; RSI 73.1 high
CONCORDBIO,0.7,1695.0999755859375,53.490505601664545,1662.1901733398438,1718.8667260742188,6.330407951499772,
TATAELXSI,0.7,5722.5,53.7617715997418,5551.8,5802.18,42.31882366058693,
BANDHANBNK,0.7,167.0800018310547,52.17164186708803,164.55849838256836,169.04998077392577,0.5463380309071817,
ELGIEQUIP,0.7,500.3500061035156,54.35867047044644,481.27000122070314,517.1641156005859,5.131384544588437,
TTML,0.7,57.70000076293945,47.03352419355214,57.38800048828125,59.201800231933596,0.24909121585040495,
WOCKPHARMA,0.7,1505.699951171875,48.42348208562243,1485.934991455078,1568.9179931640624,10.514694202399479,
AKUMS,0.7,476.5,48.9862288065727,469.20250091552737,498.2840008544922,3.550483369872051,
AJANTPHARM,0.7,2544.60009765625,43.67665374166985,2556.330029296875,2644.2660107421875,2.195933651065527,
UTIAMC,0.7,1360.199951171875,54.8908064032123,1338.4900024414062,1355.1016137695312,3.2432743909907713,
ALKYLAMINE,0.7,2078.0,48.62806419732358,2063.205010986328,2143.1520141601563,7.579003961462789,
ALKEM,0.7,5541.5,70.87101245671106,5387.05,5186.43783203125,5.667217494621568,SMA20 > SMA50; RSI 70.9 high
APLLTD,0.7,959.0,50.10008899069413,951.9349975585938,970.1319140625,2.706844982763622,
360ONE,0.7,1080.800048828125,52.65813862287821,1061.9750061035156,1084.952001953125,7.170884746138549,
ADANIPOWER,0.7,141.8800048828125,76.74708888900093,124.66249961853028,120.65160018920898,1.015348403937646,SMA20 > SMA50; RSI 76.7 high
LINDEINDIA,0.7,6314.5,39.344070746168526,6425.0,6481.265146484375,0.08824004123269269,
LLOYDSME,0.7,1328.5,46.284654728227,1314.9650024414063,1399.2080004882812,8.379278346732704,
AWL,0.7,256.95001220703125,47.36220526565715,257.802498626709,260.93299743652346,0.11513363744510663,
AUBANK,0.7,718.7000122070312,47.837030632298514,716.1025024414063,739.4310021972656,2.572607935670492,
AIAENG,0.7,3074.89990234375,47.20004002711799,3065.2356201171874,3144.624375,12.414976507833593,
AARTIIND,0.7,393.20001220703125,52.24738643489288,385.9175003051758,400.7860375976563,2.401458329337215,
NETWEB,0.7,3279.39990234375,74.7947252034317,2716.535021972656,2313.6115649414064,20.773705261670955,SMA20 > SMA50; RSI 74.8 high
NTPCGREEN,0.7,104.02999877929688,50.72048452509225,103.57200050354004,104.92199996948243,0.1690970024183477,
NAVINFLUOR,0.7,4793.7998046875,47.13043687411566,4788.519970703125,4922.77998046875,18.018612668223593,
NH,0.7,1772.800048828125,45.89553574014612,1781.6450073242188,1848.0384423828125,5.215227300567101,
SRF,0.7,2937.199951171875,49.558710244938446,2913.42998046875,2983.600732421875,8.703140973249234,
SJVN,0.7,94.44999694824219,50.91760604881886,94.27638778686523,95.10244262695312,0.17398441263057463,
SCHNEIDER,0.7,891.3499755859375,52.29042760516451,874.8125,898.0579992675781,4.346363779132473,
MOTHERSON,0.7,109.08000183105469,71.63225506905557,99.64299964904785,98.60413299560547,1.4367046912684158,SMA20 > SMA50; RSI 71.6 high
SAMMAANCAP,0.7,143.2100067138672,70.24676651780942,132.55300102233886,128.20740020751953,0.6027005979166287,SMA20 > SMA50; RSI 70.2 high
GNFC,0.7,513.0,53.470653318864905,509.8190658569336,512.3926867675781,0.8022397976031922,
GMDCLTD,0.7,572.0499877929688,73.47458700246175,482.16737060546876,436.49781127929685,7.116360327733251,SMA20 > SMA50; RSI 73.5 high
GUJGASLTD,0.7,434.95001220703125,50.80279232285951,431.4004837036133,436.6443109130859,1.2958955739248448,
THERMAX,0.7,3307.60009765625,46.73622589857481,3290.339990234375,3451.765986328125,12.825465421621484,
GRAVITA,0.7,1661.4000244140625,43.05335709795436,1671.830010986328,1734.5160083007813,3.8637683425004106,
GRANULES,0.7,543.4000244140625,73.10351070041948,513.0349960327148,485.97448181152345,2.524432350127638,SMA20 > SMA50; RSI 73.1 high
GODREJAGRO,0.7,731.3499755859375,41.17183382235283,737.2874938964844,771.9866455078125,0.9773894976410418,
BERGEPAINT,0.7,531.5999755859375,44.11954977006631,536.864990234375,548.5748913574218,0.26146022697216154,
RAMCOCEM,0.7,1054.199951171875,46.06407372179624,1054.6500122070313,1103.024521484375,2.4039343475978185,
BAYERCROP,0.7,5347.0,50.84218744966497,5200.175,5690.012373046875,47.068723730401985,
DLF,0.7,777.7000122070312,54.460194247407294,761.9099945068359,780.8928588867187,4.7333384759664,
BAJAJHFL,0.7,114.58000183105469,54.325838213705296,112.95399971008301,114.92379989624024,0.5019178934754622,
FINCABLES,0.7,830.8499755859375,42.882206876508704,836.8698425292969,861.2935009765625,2.231337483524306,
ENGINERSIN,0.7,206.60000610351562,52.07646243434526,203.00687255859376,210.17477508544923,1.220806451256397,
ERIS,0.7,1639.5999755859375,29.248489233933938,1728.9549865722656,1745.1519995117187,-11.93547180357282,RSI 29.2 <30
RAINBOW,0.7,1418.9000244140625,27.759209535694225,1486.1250061035157,1514.827998046875,-6.964385231282403,RSI 27.8 <30
RPOWER,0.7,48.040000915527344,51.51484680241344,46.30200004577637,50.47359977722168,0.5845589385694947,
RAYMOND,0.7,620.5499877929688,47.299806103072285,615.8125,645.7139978027344,3.3772738720835527,
ITC,0.7,410.6499938964844,50.099612557330786,409.0499969482422,411.81,0.3484895676677615,
ROUTE,0.7,855.5999755859375,42.520457902406434,860.8683807373047,892.0735180664062,3.1824241273853,
ICICIPRULI,0.7,602.5499877929688,44.497861086753076,605.3174987792969,618.8010009765625,0.9139911477115508,
IIFL,0.7,454.04998779296875,52.967750530783974,442.3050003051758,468.00200134277344,2.867872532790125,
IRB,0.7,43.59000015258789,48.763114817660956,43.14547214508057,44.845126724243165,0.2798679269520645,
ICICIGI,0.7,1866.0,46.547384785131065,1864.259991455078,1904.1039965820312,5.3216462835878104,
HCLTECH,0.7,1467.4000244140625,47.900139357314806,1463.9050048828126,1487.5091015625,6.588536865884427,
HAPPSTMNDS,0.7,581.0,52.0379250705457,572.7875,591.9504797363281,2.433064133123783,
HDFCBANK,0.7,966.9000244140625,45.83913817580419,964.4400024414062,984.1719995117187,1.9825148689082681,
TANLA,0.7,753.7000122070312,79.01990014041648,663.8249969482422,648.4170007324219,7.631661418728807,SMA20 > SMA50; RSI 79.0 high
CRISIL,0.7,4985.7998046875,40.23934494637566,5034.37001953125,5311.553662109375,16.13269369361393,
MAPMYINDIA,0.7,1646.199951171875,36.114940403919825,1652.3800170898437,1737.0805883789062,4.752995418309691,
CGPOWER,0.7,779.4000244140625,70.1972954903282,740.5100006103515,699.0519982910156,3.0210785376590508,SMA20 > SMA50; RSI 70.2 high
NAUKRI,0.7,1376.0999755859375,51.253125439953536,1368.945001220703,1376.9210424804687,3.2724827365359594,
HOMEFIRST,0.7,1268.9000244140625,48.07575045963996,1271.7249938964844,1295.947998046875,2.7031842120920957,
INDUSINDBK,0.7,744.4000244140625,41.697303443011855,749.6049987792969,788.7940002441406,1.322376449029445,
RKFORGE,0.7,566.7999877929688,40.083884270817116,574.129995727539,591.41,0.9339025117713229,
JKTYRE,0.7,374.8999938964844,72.54012828475332,350.30499877929685,343.1677069091797,3.174660106576523,SMA20 > SMA50; RSI 72.5 high
JSWHL,0.7,18507.0,46.65202344888925,18432.7,19335.66,75.30892594733257,
JSWINFRA,0.7,335.79998779296875,74.03462810891857,310.14750213623046,309.15600036621095,3.1852746144735113,SMA20 > SMA50; RSI 74.0 high
JSWSTEEL,0.7,1122.800048828125,70.53396888754163,1079.3849975585938,1059.4620043945313,3.786339821089012,SMA20 > SMA50; RSI 70.5 high
JPPOWER,0.7,18.68000030517578,45.617708718429704,18.78400001525879,19.93020004272461,0.0394528058757217,
POWERGRID,0.7,286.20001220703125,50.894551964020216,283.725,287.5154650878906,0.7497222702319444,
HONAUT,0.7,37215.0,49.35481198964349,37189.75,38036.8,131.0770282255233,
IKS,0.7,1555.9000244140625,49.02795054593801,1552.719989013672,1573.3579931640625,1.2530119198840204,
PREMIERENE,0.7,1051.300048828125,54.224436436309055,1029.369546508789,1035.380672607422,5.054067956418969,
PRAJIND,0.7,389.0,35.02232120627582,397.63500213623047,432.95622802734374,1.5282278547369277,
RRKABEL,0.7,1255.5,53.83419971589255,1220.0850036621093,1286.7273486328124,9.421490899948083,
PRESTIGE,0.7,1618.699951171875,53.48903331698412,1583.1288757324219,1632.0219287109376,11.407225195049396,
PEL,0.7,1122.199951171875,48.11677961762237,1111.969989013672,1183.0839916992188,11.29340201639927,
SBFC,0.7,107.44000244140625,50.06034298011978,107.38149948120117,108.9293994140625,0.16686543657609365,
RADICO,0.7,3052.5,70.23616031965287,2891.0849731445314,2828.643857421875,19.17453039142262,SMA20 > SMA50; RSI 70.2 high
RHIM,0.7,483.8500061035156,53.6145142549681,474.9124237060547,486.31977294921876,1.8732821722309132,
CLEAN,0.7,1178.0,48.27163612853809,1167.171337890625,1217.9248046875,7.3808784540451065,
EICHERMOT,0.7,6973.5,78.14714659890154,6560.525,5985.67353515625,10.734843190571155,SMA20 > SMA50; RSI 78.1 high
DIVISLAB,0.7,6200.0,54.64603313221701,6101.825,6284.7362890625,25.39292282722728,
BRIGADE,0.7,937.3499755859375,45.11577844073414,937.4474945068359,982.7086145019531,5.954281351320516,
HSCL,0.7,467.04998779296875,50.80714564238806,460.76750030517576,475.1590020751953,1.8390918214727572,
POWERINDIA,0.7,19025.0,43.6133571014192,19392.25,19706.052421875,25.11429782200466,
HYUNDAI,0.7,2809.300048828125,77.40956320088404,2540.0499877929688,2326.7973168945314,15.296102811098734,SMA20 > SMA50; RSI 77.4 high
ICICIBANK,0.7,1402.199951171875,41.72606118462321,1409.374981689453,1428.11013671875,1.8199595151926644,
TRITURBINE,0.7,536.0999755859375,50.94498343790716,525.3274108886719,559.8662731933593,4.928828587868203,
TORNTPOWER,0.7,1264.5,44.44988350697979,1269.1800109863282,1311.4880053710938,3.640177336463264,
AFCONS,0.7,461.6499938964844,71.53227854856198,440.41499786376954,425.99202026367186,1.71690860958756,SMA20 > SMA50; RSI 71.5 high
ABREL,0.7,1886.699951171875,54.46484056360905,1820.039990234375,1905.53455078125,22.433291606264923,
JUSTDIAL,0.7,837.75,47.988695671365306,833.0550079345703,847.07900390625,2.6428909079809153,
JWL,0.7,339.75,53.5325107861547,330.67749938964846,340.2549987792969,3.025055847263306,
JUBLPHARMA,0.7,1100.199951171875,50.14400455536877,1083.0250061035156,1119.0832568359374,5.322636404810154,
JUBLINGREA,0.7,673.8499755859375,26.573469234962474,718.4450012207031,743.8870886230469,-1.842096508116919,RSI 26.6 <30
JIOFIN,0.7,317.0,52.274658531204295,313.4100051879883,319.0568530273438,0.8389716121467097,
POONAWALLA,0.7,500.25,70.71709371471333,445.72750396728514,444.5770007324219,6.640804689390065,SMA20 > SMA50; RSI 70.7 high
POLYCAB,0.7,7549.0,73.02975293841556,7232.4,7038.07,17.25468162024363,SMA20 > SMA50; RSI 73.0 high
PIIND,0.7,3731.199951171875,44.832250079708814,3736.264990234375,3905.976640625,12.374127946046556,
IGIL,0.7,371.3500061035156,54.75282832557544,357.16999969482424,366.9322119140625,3.7390189551537487,
BLS,0.7,365.3500061035156,43.61734813815924,367.86371459960935,374.2447430419922,0.3896306225024233,
ATUL,0.7,6341.0,42.363350392827556,6383.575,6591.85,27.787498951250704,
BASF,0.7,4656.0,50.351168429194345,4614.999975585937,4735.993154296875,15.376008866995093,
PETRONET,0.7,278.3999938964844,49.93102690315922,275.36749877929685,284.0220001220703,1.190462399664308,
PAGEIND,0.7,43570.0,39.586321249734716,44743.75,45637.94359375,9.451944929618207,
PNCINFRA,0.7,306.6499938964844,50.18697249517646,305.07000122070315,308.3689996337891,0.4292402395376531,
PFIZER,0.7,5107.5,42.011926222961335,5180.75,5258.1,1.2076664228868452,
CUMMINSIND,0.7,4080.39990234375,70.38455169721885,3960.879992675781,3772.747333984375,3.2899796025138386,SMA20 > SMA50; RSI 70.4 high
DCMSHRIRAM,0.7,1255.300048828125,47.74519040089478,1248.6449951171876,1316.79607421875,10.015977145232409,
COROMANDEL,0.7,2261.5,45.54279037730297,2285.9199829101562,2371.38599609375,6.800080971564157,
CONCOR,0.7,553.75,50.386399566121334,545.2374969482422,565.2280358886719,3.3582457682717117,
SWSOLAR,0.7,270.8999938964844,50.006591081516426,266.6899978637695,281.30899841308593,1.3771555257126664,
SBIN,0.7,862.3499755859375,77.4089950872238,819.3949981689453,816.177001953125,5.487206274137198,SMA20 > SMA50; RSI 77.4 high
KALYANKJIL,0.7,511.3999938964844,46.457975703457876,506.57091522216797,543.6474633789062,3.661722387965529,
KAYNES,0.7,7151.5,70.28793241354788,6797.6,6305.09,15.557870054813293,SMA20 > SMA50; RSI 70.3 high
LTF,0.7,246.6999969482422,80.1658364058778,230.25699996948242,215.68239990234375,1.1814527469601996,SMA20 > SMA50; RSI 80.2 high
BSE,0.7,2182.60009765625,40.892157486958425,2223.5800048828123,2363.177998046875,2.879681682682069,
BAJAJHLDNG,0.7,13206.0,47.55890163463459,13067.35,13584.96,80.9598700712109,
INDIGO,0.7,5679.0,42.542884440133726,5748.7,5836.49802734375,0.7424073485878111,
M&MFIN,0.7,289.54998779296875,76.06016186175022,268.3349998474121,262.6921398925781,2.3605683284087804,SMA20 > SMA50; RSI 76.1 high
LODHA,0.7,1216.0999755859375,50.200971329275944,1200.3,1256.1172607421875,6.8221830809139945,
DEEPAKNTR,0.7,1805.699951171875,51.80698445805044,1782.2250061035156,1835.6447631835938,11.044832516105096,
DEEPAKFERT,0.7,1457.300048828125,51.762138317091505,1428.796209716797,1489.4112084960936,8.640411776161145,
SUNTV,0.7,557.5,47.389697306644806,556.7549987792969,564.3676989746094,0.7778706839685054,
SUNDARMFIN,0.7,4576.89990234375,47.71298875813054,4574.514965820313,4748.363994140625,16.91515283508825,
ONGC,0.7,236.69000244140625,54.10275953224146,234.43052520751954,236.81715637207031,0.4855669829402477,
NUVAMA,0.7,6406.0,41.59510947773339,6482.175,6923.4,23.91405215001791,
MINDACORP,0.7,549.25,70.73356670303974,512.1674987792969,505.63414184570314,3.7662065414812025,SMA20 > SMA50; RSI 70.7 high
UBL,0.7,1796.0,35.587440248774556,1820.4500061035155,1899.38265625,2.6467130465817235,
USHAMART,0.7,426.54998779296875,74.41062459953267,390.09749908447264,376.7344049072266,3.5029694719858053,SMA20 > SMA50; RSI 74.4 high
UNITDSPR,0.7,1328.199951171875,52.038672019753264,1317.15,1324.248662109375,3.369422588330816,
PGEL,0.7,571.1500244140625,44.70914042206916,561.3351593017578,648.0953674316406,8.21688667463614,
MARUTI,0.7,15864.0,79.52577234711391,15105.35,13700.52484375,10.699945548095798,SMA20 > SMA50; RSI 79.5 high
MAXHEALTH,0.7,1159.699951171875,42.34730183396892,1170.2799987792969,1217.18599609375,1.9368073351040245,
OIL,0.7,404.04998779296875,50.69843641745244,396.9854339599609,416.6860925292969,2.331808578402339,
CERA,0.7,6264.0,40.718445650822524,6334.725,6471.01,4.605371865925896,
CASTROLIND,0.7,202.61000061035156,48.921523318985635,200.38999938964844,208.76597106933593,1.0748679979979836,
SYNGENE,0.7,665.4500122070312,54.03714149299722,651.1375061035156,664.5200024414063,2.0117951141279944,
DBREALTY,0.7,175.3699951171875,50.18356113846979,171.49750061035155,184.44460083007812,0.9378022299682796,
LAURUSLABS,0.7,932.0999755859375,75.21885545830668,885.1825012207031,863.29,2.273828279956785,SMA20 > SMA50; RSI 75.2 high
NETWORK18,0.7,55.43000030517578,51.87185005589391,54.31900062561035,56.30040031433106,0.2776167560744606,
BLUEDART,0.7,5762.0,46.00160312985056,5731.225,6040.068017578125,30.597626129893214,
BSOFT,0.7,381.45001220703125,51.180456607254605,375.9449996948242,387.5051727294922,2.0901111264725594,
ANGELONE,0.7,2266.60009765625,39.45582427691957,2283.92001953125,2504.75001953125,11.04238390548565,
ANANDRATHI,0.7,3042.0,71.84036180585011,2932.85498046875,2761.37798828125,0.17917418749183867,SMA20 > SMA50; RSI 71.8 high
ASHOKLEY,0.7,140.88999938964844,70.65841103929067,132.8444980621338,127.47979904174805,0.5364606919755635,SMA20 > SMA50; RSI 70.7 high
ASTRAZEN,0.7,8934.5,52.1034579966474,8823.4,8847.30583984375,16.70150437109602,
NSLNISP,0.7,46.91999816894531,71.43759725541959,42.44349994659424,40.002800140380856,0.3189357524122902,SMA20 > SMA50; RSI 71.4 high
NATCOPHARM,0.7,884.25,54.32326663509621,859.8325012207031,911.8376794433593,6.227733802715548,
VTL,0.7,426.1000061035156,50.63780270617853,419.02717742919924,432.3766931152344,3.4455756026556825,
ZEEL,0.7,116.44999694824219,49.691608571062545,115.74024887084961,119.26619827270508,0.4039627277321478,
HEROMOTOCO,0.4,5408.0,71.42821726207748,5278.1,4821.76103515625,-23.92124198486198,SMA20 > SMA50; RSI 71.4 high
POLICYBZR,0.39999999999999997,1809.5999755859375,48.27516462231649,1818.4750122070313,1818.536005859375,-2.8507420034383246,
WHIRLPOOL,0.39999999999999997,1337.800048828125,51.15479232966723,1333.4299560546874,1336.6483740234376,-0.07943926246299604,
MASTEK,0.39999999999999997,2420.60009765625,44.64632839497529,2480.3261596679686,2491.6028515625,-4.649005564220647,
COHANCE,0.39999999999999997,909.4000244140625,41.8431099091664,935.8000030517578,968.0690026855468,-1.0952756088694675,
SONACOMS,0.39999999999999997,436.20001220703125,44.72474150910792,443.6425018310547,452.0510003662109,-0.2219783330596803,
BALRAMCHIN,0.39999999999999997,509.75,32.8898662169847,537.8525024414063,565.7330004882813,-1.6849502721464926,
TRENT,0.39999999999999997,5080.0,36.31016057402012,5283.75,5298.15,-23.114549128439975,
MANYAVAR,0.39999999999999997,717.5499877929688,39.67429073871127,736.4439178466797,751.2833532714844,-0.10028292439552544,
INDIAMART,0.39999999999999997,2469.60009765625,34.40160126777906,2580.160021972656,2587.4660107421873,-10.645343312350654,
GODIGIT,0.39999999999999997,349.29998779296875,42.01485022878901,357.25750122070315,357.88499938964844,-0.8345506690545432,
APTUS,0.39999999999999997,332.70001220703125,47.26029174362837,332.89749908447266,340.41999877929686,-0.37040645274835926,
ABSLAMC,0.39999999999999997,824.9000244140625,43.34667241724221,839.8824981689453,851.634306640625,-3.1331569858279265,
VBL,0.39999999999999997,474.45001220703125,43.048050981530984,484.9649963378906,492.4161688232422,-1.2719162886717683,
BHARTIHEXA,0.39999999999999997,1714.699951171875,41.38680913141275,1761.2649780273437,1775.7868701171874,-4.24338117358614,
VIJAYA,0.39999999999999997,1057.9000244140625,52.2886936009431,1048.0045349121094,1050.8795581054687,-1.411794366831578,
3MINDIA,0.39999999999999997,29915.0,39.58383559332501,30620.5,30666.1177734375,-90.75559018839793,
EMCURE,0.39999999999999997,1342.5,40.426287176846834,1386.0799987792968,1395.19751953125,-5.423414672631111,
EIDPARRY,0.39999999999999997,1066.300048828125,37.83361364563768,1104.405010986328,1144.8919995117187,-1.4412608359134964,
CROMPTON,0.39999999999999997,313.95001220703125,38.51497096870898,322.59000396728516,326.0922491455078,-0.8355710355291239,
SHYAMMETL,0.39999999999999997,908.2000122070312,42.27623527896721,922.5124969482422,933.8825170898438,-1.5802029673254174,
JYOTHYLAB,0.39999999999999997,322.5,35.16155235165668,331.4921081542969,333.1035906982422,-0.8721140352976913,
JUBLFOOD,0.39999999999999997,626.4000244140625,39.894696379038606,640.85,646.9774987792969,-1.8163986963055967,
KIMS,0.39999999999999997,744.5999755859375,50.06612115298453,744.6700012207032,745.4800012207031,-0.7408328576170415,
ABBOTINDIA,0.39999999999999997,30365.0,34.33329134443828,31382.0,32610.444609375,-35.1948824755562,
SAPPHIRE,0.39999999999999997,318.29998779296875,43.837315511122036,324.35249786376954,325.3429986572266,-0.502626435316124,
NCC,0.3,216.99000549316406,57.01182178733471,210.90749893188476,216.19780059814454,1.3367249212886423,
NBCC,0.3,110.80999755859375,63.710099735167574,104.22634963989258,107.30623840332031,1.2035901516159726,
ABB,0.3,5436.89990234375,68.03878457223023,5185.174951171875,5292.813154296875,49.10655874230283,
ADANIPORTS,0.3,1427.800048828125,69.33937063638548,1360.3950073242188,1374.01,9.686742867310894,
ZENTEC,0.3,1604.199951171875,59.99471219781119,1499.509991455078,1565.7071948242187,22.79990823871173,
AAVAS,0.3,1670.5999755859375,55.331925268698804,1599.9050048828126,1709.7219921875,17.47662904926026,
ACC,0.3,1879.0999755859375,62.65206716934115,1835.6200073242187,1853.4780029296876,5.681104752750541,
VGUARD,0.3,374.3500061035156,55.33753494704746,366.2925033569336,374.91228515625,1.4972611568071574,
BALKRISIND,0.3,2522.699951171875,63.839277690111665,2376.7150024414063,2496.626494140625,29.036274339934277,
BDL,0.3,1631.5999755859375,62.55405038030519,1504.2454040527343,1580.6887719726562,27.30073553856919,
KFINTECH,0.3,1149.9000244140625,61.11323618929211,1088.465005493164,1130.7333068847656,10.597485101632216,
NEWGEN,0.3,915.5,56.19937594991931,894.0674987792969,903.5880737304688,5.542683289891102,
KARURVYSYA,0.3,217.17999267578125,57.57375144635753,211.2544174194336,215.42442687988282,1.3309337491421933,
PCBL,0.3,413.54998779296875,66.18926149114763,383.8074951171875,391.9599987792969,3.1567720178967713,
OBEROIRLTY,0.3,1670.199951171875,56.80592540067235,1637.1049926757812,1669.0633276367187,7.892366274711584,
MAZDOCK,0.3,2985.0,66.95146876198605,2771.346923828125,2813.5971240234376,40.85891627246974,
LICI,0.3,893.5499877929688,56.84316783152829,877.8574981689453,891.4791857910157,3.1294804145480963,
MCX,0.3,8051.5,58.43496476476284,7705.275,7900.754716796875,56.40579329256031,
MOTILALOFS,0.3,944.7000122070312,58.75076116462027,904.7125,917.8310009765624,5.343086229634736,
MRPL,0.3,129.80999755859375,55.270688874547716,126.2549991607666,130.61740005493164,0.9090197385307801,
NAM-INDIA,0.3,834.7999877929688,55.1892979957189,817.8475036621094,823.3830017089844,2.9720085808718415,
MGL,0.3,1344.699951171875,57.566214185451166,1297.9450073242188,1343.7134326171874,11.367542336969457,
MMTC,0.3,67.38999938964844,62.879274517407396,64.22899932861328,65.28559921264649,0.45781341630401157,
WELCORP,0.3,903.7999877929688,56.254699271095696,873.5524993896485,887.1617224121094,5.473884957263008,
WELSPUNLIV,0.3,124.41000366210938,55.44676307379398,117.7129997253418,123.9297996520996,1.7139267038728994,
MANKIND,0.3,2660.60009765625,65.52465809060618,2561.4750122070313,2565.1874267578123,8.050430375566034,
NTPC,0.3,338.6499938964844,61.53253925515075,330.66258544921874,332.82854553222654,1.2541254168499396,
ZENSARTECH,0.3,857.75,66.88956269122347,803.2849945068359,805.7519995117187,7.875274980506355,
NHPC,0.3,87.81999969482422,67.0609321700006,81.40749855041504,83.10946517944336,1.139738044297188,
IRCTC,0.3,736.5999755859375,62.44470295514789,717.2024993896484,731.0161499023437,3.89101446280365,
KNRCON,0.3,204.0800018310547,55.09561498337379,197.2732261657715,206.1086282348633,1.68234604958255,
PTCIL,0.3,14942.0,60.19932996880597,14166.5,14321.06,191.7140422078567,
PNBHOUSING,0.3,869.4500122070312,64.1477593568045,804.4149963378907,871.9455285644531,14.335839306104313,
PATANJALI,0.3,608.9000244140625,58.00371454136395,599.6482055664062,606.6157348632812,1.0093828622150773,
PPLPHARMA,0.3,208.27999877929688,65.36431636260792,196.88950119018554,198.2769061279297,1.331619558893129,
LICHSGFIN,0.3,592.7999877929688,68.07612021077072,563.875,575.7798132324219,4.708194713799727,
LTFOODS,0.3,472.75,61.16090012258541,445.6115097045898,464.4657391357422,4.09002171195576,
KOTAKBANK,0.3,2031.0,58.04793041345667,1977.1500061035156,2023.3455078125,13.933236141226041,
KIRLOSENG,0.3,964.6500244140625,63.78557191389164,907.7350006103516,912.630517578125,7.9655776490449455,
GMRAIRPORT,0.3,92.52999877929688,65.0575857381622,88.32399864196778,89.87719940185546,0.7212015875702515,
SOBHA,0.3,1595.199951171875,60.413907218850106,1506.2399963378907,1548.4999975585938,19.490407766286722,
GAIL,0.3,181.64999389648438,60.02171746871419,176.4254997253418,177.42747467041016,0.9502816218805943,
GODREJPROP,0.3,2145.199951171875,65.55114670751345,2011.4599914550781,2088.6500048828125,23.71906130416254,
IRCON,0.3,185.19000244140625,63.15334398787095,172.26881408691406,175.15192932128906,2.459673992892476,
INDUSTOWER,0.3,356.8500061035156,55.386242745378894,345.30999755859375,359.5489971923828,3.0299858206118264,
HUDCO,0.3,229.0399932861328,69.91077479045478,215.39623413085937,215.91804901123047,1.736252338648928,
INFY,0.3,1540.199951171875,58.05759622758502,1503.689990234375,1504.9459936523438,7.101230929648386,
SAGILITY,0.3,46.43000030517578,59.971393454207835,44.621999740600586,44.69239959716797,0.25455522550465376,
HFCL,0.3,76.41999816894531,58.1590434023597,72.2221019744873,74.78702850341797,0.9794385803217389,
SKFINDIA,0.3,4833.39990234375,59.40998824086882,4705.629956054688,4729.183994140625,12.245045469429556,
SBILIFE,0.3,1841.699951171875,55.13833177138414,1815.3449951171874,1827.3319970703126,2.6056838832299123,
HINDPETRO,0.3,413.04998779296875,66.63406712113158,392.05250091552733,401.05036987304686,3.3263931563804565,
RELIANCE,0.3,1407.4000244140625,55.886447910746085,1385.1800109863282,1401.0938525390625,5.796455662041158,
SBICARD,0.3,871.6500244140625,60.29796492111726,834.275,837.9159985351563,9.281599770659739,
IDBI,0.3,93.76000213623047,55.18452770129081,91.4755012512207,92.5831282043457,0.3479312826856814,
GLAND,0.3,2022.800048828125,63.58603067020744,1935.0600036621095,1951.0086157226563,12.659310197753463,
GRSE,0.3,2605.300048828125,55.529200090959655,2458.4660400390626,2540.439599609375,31.37990149254604,
INTELLECT,0.3,1061.1500244140625,62.797407041059465,988.8500030517578,1019.35361328125,13.423297462472052,
INOXWIND,0.3,151.33999633789062,57.64547441212504,145.72649993896485,150.3393441772461,1.1625161799542554,
JSWENERGY,0.3,545.5,64.26571770233147,516.7374969482422,523.7699969482422,4.197841026533858,
PFC,0.3,409.1000061035156,59.76938753527201,395.3449951171875,404.8779357910156,2.4023774841873187,
RECLTD,0.3,384.5,60.66442048586322,369.95999603271486,380.53375549316405,2.862431667093645,
IPCALAB,0.3,1441.0,66.24116773548155,1356.55,1402.736630859375,8.52830138039904,
IRFC,0.3,129.69000244140625,61.632043106632786,124.42149963378907,127.67239959716797,1.031887805494054,
RVNL,0.3,363.45001220703125,69.42514120714314,332.8500030517578,344.32838623046877,5.494694911405961,
RAILTEL,0.3,393.79998779296875,63.86032095659473,361.7750015258789,370.6944909667969,6.389162540111349,
INDGN,0.3,586.5499877929688,62.14776719840401,562.4724975585938,566.02,3.9467349482733916,
JINDALSAW,0.3,212.47999572753906,57.75308735220081,204.52349929809571,210.26819915771483,1.5847025156394952,
J&KBANK,0.3,105.61000061035156,62.60568170727552,101.69350051879883,103.61348419189453,0.6005943034607149,
JYOTICNC,0.3,953.9000244140625,56.095030527246855,915.975,963.4840014648438,9.687247748785083,
LTTS,0.3,4345.39990234375,59.783213598876195,4236.090014648437,4256.796025390625,23.33490425003986,
ALOKINDS,0.3,18.8700008392334,57.05354585669134,18.232999992370605,18.886600074768065,0.13783790547712593,
UNIONBANK,0.3,140.3000030517578,67.09204736594732,131.04899978637695,133.82928634643554,1.3592352436503288,
BEML,0.3,4356.2001953125,61.22235442192601,4101.249987792969,4132.383999023437,42.73907684529841,
BEL,0.3,408.8999938964844,67.88508974379808,382.90999908447264,386.9538818359375,4.543402925101878,
TATATECH,0.3,724.4000244140625,68.52634532445887,690.1875,693.7199975585937,5.097525132669525,
TATAPOWER,0.3,396.29998779296875,59.84406654062885,385.2499969482422,390.7159979248047,1.7808906831755986,
TATACOMM,0.3,1684.4000244140625,60.22950863355893,1599.3400085449218,1657.152001953125,18.441850399111942,
MAHABANK,0.3,57.31999969482422,66.48872950188021,53.85799980163574,55.02419982910156,0.5935801656398716,
GSPL,0.3,314.3500061035156,61.184032717686065,300.3475311279297,306.4868487548828,2.8403561149569216,
SHRIRAMFIN,0.3,633.2000122070312,59.61414222047548,603.7249969482422,622.36099609375,5.423567205101154,
HEG,0.3,521.3499755859375,60.62538477607938,496.4025054931641,511.1298876953125,4.0185476313703,
SCHAEFFLER,0.3,4140.2998046875,66.46985036377305,3944.230017089844,4018.216015625,36.35717165662008,
SOLARINDS,0.3,14672.0,55.05382537915045,14224.15,14558.62,114.25639797002576,
GLENMARK,0.3,2085.199951171875,56.30142576949247,2027.3765258789062,2066.4990185546876,5.572819353980204,
COCHINSHIP,0.3,1900.800048828125,69.28890403685901,1713.9068969726563,1751.5462426757813,34.32638953108862,
DATAPATTNS,0.3,2860.199951171875,67.42542588040857,2596.0250244140625,2631.0855908203125,44.43115339885307,
CANBK,0.3,117.76000213623047,69.23011965542904,109.35650100708008,110.01660034179687,1.1159225534950163,
CHOLAHLDNG,0.3,2019.5,68.009365335512,1824.5800048828125,1895.3699438476563,31.539509190754913,
CHOLAFIN,0.3,1590.9000244140625,65.53417126588468,1499.1299987792968,1503.0241259765626,14.000046111027375,
CUB,0.3,211.91000366210938,59.93533852434632,201.72150039672852,207.52126037597657,1.3899318532506395,
BBTC,0.3,1936.4000244140625,58.735396917875725,1860.1049926757812,1889.803994140625,14.475361766225543,
CESC,0.3,169.4600067138672,61.125113591680176,160.01850051879882,166.40700073242186,1.7283825818473657,
CAMPUS,0.3,283.3500061035156,66.2674209908567,270.20613861083984,272.26836486816404,1.9439971862341852,
FEDERALBNK,0.3,197.9199981689453,55.375386856074044,194.07649993896484,198.98911804199219,1.0290900260718472,
CAMS,0.3,4100.89990234375,67.90841354399636,3846.7849975585937,3908.5826611328125,37.029827361188254,
CYIENT,0.3,1242.199951171875,55.77392373391393,1211.2849853515625,1222.023994140625,7.704051790072212,
SONATSOFTW,0.3,394.1000061035156,61.06411942369371,370.51750030517576,382.02329406738284,4.716951028665046,
SUNPHARMA,0.3,1656.0,61.70087047100334,1602.514990234375,1637.9499926757812,9.37628520970355,
SUZLON,0.3,60.400001525878906,57.65706146553522,57.77300033569336,61.116600036621094,0.5402790688705562,
SWANCORP,0.3,488.3500061035156,61.70786873988326,460.7274993896484,462.267998046875,3.2346376702371806,
CEATLTD,0.3,3396.199951171875,55.92604707752218,3295.7049926757813,3335.6447900390626,19.19605840822588,
CDSL,0.3,1582.0,57.23300744718175,1525.5800170898438,1567.3387182617187,10.502012092636313,
UCOBANK,0.3,31.049999237060547,69.99696379335974,29.051000022888182,29.56599994659424,0.30114860969911716,
AEGISLOG,0.3,791.5499877929688,65.67499100257658,724.3650024414062,726.9288610839844,11.808875384762707,
TIMKEN,0.3,3042.300048828125,55.21100167601882,2969.75498046875,3089.5542578125,21.986514922215722,
AUROPHARMA,0.3,1119.199951171875,62.36774816206623,1062.424996948242,1084.5383337402343,10.520440993054205,
TARIL,0.3,533.7999877929688,60.787045046218,506.1000015258789,507.92800170898437,3.492177977229132,
TRIDENT,0.3,30.1200008392334,66.118620926656,28.58499994277954,29.261199989318847,0.26475821654065373,
APARINDS,0.3,8847.0,63.683068749726466,8192.0,8571.13439453125,127.15250987074259,
AMBUJACEM,0.3,582.4500122070312,55.83162074776877,570.3849975585938,586.7509997558594,2.6269240744276434,
CANFINHOME,0.3,773.7999877929688,57.85083027648765,750.7825012207031,763.042001953125,4.539635615036153,
TEJASNET,0.3,610.9500122070312,55.33808710429417,598.3049957275391,600.3519982910157,3.6765509083853125,
BPCL,0.3,329.54998779296875,65.17350061109127,316.5000030517578,322.88407470703123,1.9049899476248475,
BHARATFORG,0.3,1272.699951171875,69.98524064166583,1180.4799926757812,1183.7959985351563,14.516154990555703,
BHARTIARTL,0.3,1962.4000244140625,66.12724062822976,1906.7299926757812,1907.452998046875,7.654210482184418,
BIOCON,0.3,369.20001220703125,56.10796832544686,360.07000122070315,370.15100158691405,1.238178843624785,
BHEL,0.3,237.1699981689453,65.21436922294058,220.03050003051757,230.4974951171875,3.296119840154462,
ADANIGREEN,-0.5,1030.699951171875,70.73506215198196,954.3374969482422,972.2689990234375,9.035959125685997,RSI 70.7 high
ADANIENSOL,-0.5,877.1500244140625,71.57159530909465,798.9000091552734,817.2730029296876,10.522817745301046,RSI 71.6 high
ADANIENT,-0.5,2524.0,72.24150528931638,2331.919970703125,2398.5459912109377,24.583674749421256,RSI 72.2 high
REDINGTON,-0.5,299.7300109863281,73.94777414805016,250.73199920654298,262.4227996826172,7.90570702617463,RSI 73.9 high
HAL,-0.5,4916.2001953125,73.98382006608156,4557.81005859375,4572.550029296875,56.598618484238536,RSI 74.0 high
KPRMILL,-0.5,1133.449951171875,72.48181671634265,1020.6499938964844,1068.0727111816407,19.889409090360108,RSI 72.5 high
PNB,-0.5,113.30000305175781,72.71552787856054,105.68050003051758,107.07380020141602,1.0870543635856738,RSI 72.7 high
IOC,-0.5,148.5,70.45018304494937,141.60349960327147,142.77381134033203,0.958560045949947,RSI 70.5 high
IREDA,-0.5,160.8699951171875,74.4599296308684,147.36549911499023,149.3810009765625,1.9029472074085216,RSI 74.5 high
GRAPHITE,-0.5,569.9000244140625,70.47307985579842,529.0725006103515,541.7769055175781,6.296108117602199,RSI 70.5 high
IFCI,-0.5,59.7400016784668,70.21577156622097,54.04600028991699,56.15640014648437,0.9900817655466655,RSI 70.2 high
BANKBARODA,-0.5,252.0800018310547,70.8700322483341,238.22900009155273,240.6770004272461,1.86589982764801,RSI 70.9 high
CENTRALBK,-0.5,38.20000076293945,70.52812955153209,35.91649971008301,36.44581954956055,0.3451089903352802,RSI 70.5 high
AXISBANK,-0.5,1135.9000244140625,73.24878032176407,1076.8499938964844,1086.407998046875,10.320209407824983,RSI 73.2 high
ALIVUS,-0.5,1047.449951171875,72.99084296656142,946.026577758789,976.8985095214844,9.65431208697501,RSI 73.0 high
ANANTRAJ,-0.5,640.4000244140625,75.19272053476344,547.4174987792969,556.0321618652343,11.004450335527121,RSI 75.2 high
ATGL,-0.5,651.4500122070312,71.08886350369934,606.6499969482422,617.2609973144531,4.803268865459401,RSI 71.1 high
